"_primaryKey","_firstSeenAt","_lastSeenAt","eventId","name","shortName","type","datetimeUtc","endDatetimeUtc","dateTbd","timeTbd","datetimeTbd","status","scheduleStatus","conditional","contingent","isOpen","isVisible","isHybrid","eventScore","popularityScore","url","createdAt","announceDate","visibleAt","visibleUntilUtc","listingCount","ticketCount","averagePrice","lowestPrice","highestPrice","medianPrice","lowestSgBasePrice","venueId","performerIds","taxonomyName","taxonomySubName","ticketmasterId","stubhubId","integratedProvider","integratedProviderId","isMapped","isGa","seatSelectionEnabled"
"18127877","2026-07-12 22:40:54.942","2026-07-12 22:40:54.942",18127877,"NBA Summer League - Day 5","NBA Summer League - Day 5","nba","2026-07-13 20:00:00","2026-07-13 21:00:00",false,false,false,"normal","as_originally_scheduled",false,false,false,true,true,"[PREMIUM]","[PREMIUM]","https://seatgeek.com/nba-summer-league-tickets/7-13-2026-las-vegas-nevada-thomas-and-mack-center/nba/18127877","2026-03-17 13:15:01","2026-03-17 00:00:00","2026-06-30 06:38:43","2026-07-13 21:00:00","[PREMIUM]","[PREMIUM]","[PREMIUM]","[PREMIUM]","[PREMIUM]","[PREMIUM]","[PREMIUM]",950,"[23508]","sports","basketball",,"160483125","PACIOLAN","346:SL26:TMC071326",true,false,false
"18251842","2026-07-12 22:37:45.149","2026-07-12 22:37:45.149",18251842,"AT&T Stadium VIP Guided Rally Day Tour","AT&T Stadium VIP Guided Rally Day Tour","stadium_tours","2026-09-19 22:00:00","2026-09-19 22:10:00",false,false,false,"normal","as_originally_scheduled",false,false,true,true,false,"[PREMIUM]","[PREMIUM]","https://seatgeek.com/at-t-stadium-vip-guided-rally-day-tour-1-tickets/stadium-tours/2026-09-19-5-pm/18251842","2026-05-19 13:30:55","2026-05-18 00:00:00","2026-05-27 15:00:00","2026-09-19 22:10:00","[PREMIUM]","[PREMIUM]","[PREMIUM]","[PREMIUM]","[PREMIUM]","[PREMIUM]","[PREMIUM]",4965,"[1954364]","sports","football",,,"OPEN","e_G2kIjyBzXH5BnKJ8HzKkXv6tvXk3Qp",false,true,true
"18251959","2026-07-12 22:37:45.149","2026-07-12 22:37:45.149",18251959,"AT&T Stadium VIP Guided Rally Day Tour","AT&T Stadium VIP Guided Rally Day Tour","stadium_tours","2026-09-19 21:45:00","2026-09-19 21:55:00",false,false,false,"normal","as_originally_scheduled",false,false,true,true,false,"[PREMIUM]","[PREMIUM]","https://seatgeek.com/at-t-stadium-vip-guided-rally-day-tour-1-tickets/stadium-tours/2026-09-19-4-45-pm/18251959","2026-05-19 13:30:22","2026-05-18 00:00:00","2026-05-27 15:00:00","2026-09-19 21:55:00","[PREMIUM]","[PREMIUM]","[PREMIUM]","[PREMIUM]","[PREMIUM]","[PREMIUM]","[PREMIUM]",4965,"[1954364]","sports","football",,,"OPEN","e_d9ATvpQpB5fRY00yWfnqKeBqT6PAK18",false,true,true
"18251817","2026-07-12 22:37:10.736","2026-07-12 22:37:10.736",18251817,"AT&T Stadium VIP Guided Rally Day Tour + Jerry Jones Experience","AT&T Stadium VIP Guided Rally Day Tour + Jerry Jones Experience","stadium_tours","2026-09-19 19:20:00","2026-09-19 19:30:00",false,false,false,"normal","as_originally_scheduled",false,false,true,true,false,"[PREMIUM]","[PREMIUM]","https://seatgeek.com/at-t-stadium-vip-guided-rally-day-tour-1-tickets/stadium-tours/2026-09-19-2-20-pm/18251817","2026-05-19 13:30:55","2026-05-18 00:00:00","2026-05-27 15:00:00","2026-09-19 19:30:00","[PREMIUM]","[PREMIUM]","[PREMIUM]","[PREMIUM]","[PREMIUM]","[PREMIUM]","[PREMIUM]",4965,"[1954364]","sports","football",,,"OPEN","e_vgWSYrN4xgHJdXmNDFYnlxZlIvk84LR",false,true,true
"18251818","2026-07-12 22:37:10.736","2026-07-12 22:37:10.736",18251818,"AT&T Stadium VIP Guided Rally Day Tour + Jerry Jones Experience","AT&T Stadium VIP Guided Rally Day Tour + Jerry Jones Experience","stadium_tours","2026-09-19 20:20:00","2026-09-19 20:30:00",false,false,false,"normal","as_originally_scheduled",false,false,true,true,false,"[PREMIUM]","[PREMIUM]","https://seatgeek.com/at-t-stadium-vip-guided-rally-day-tour-1-tickets/stadium-tours/2026-09-19-3-20-pm/18251818","2026-05-19 13:30:55","2026-05-18 00:00:00","2026-05-27 15:00:00","2026-09-19 20:30:00","[PREMIUM]","[PREMIUM]","[PREMIUM]","[PREMIUM]","[PREMIUM]","[PREMIUM]","[PREMIUM]",4965,"[1954364]","sports","football",,,"OPEN","e_94rcjl356MHdDxXRPt89kmQbTvkP32J",false,true,true
"18251836","2026-07-12 22:37:10.736","2026-07-12 22:37:10.736",18251836,"AT&T Stadium VIP Guided Rally Day Tour","AT&T Stadium VIP Guided Rally Day Tour","stadium_tours","2026-09-19 19:15:00","2026-09-19 19:25:00",false,false,false,"normal","as_originally_scheduled",false,false,true,true,false,"[PREMIUM]","[PREMIUM]","https://seatgeek.com/at-t-stadium-vip-guided-rally-day-tour-1-tickets/stadium-tours/2026-09-19-2-15-pm/18251836","2026-05-19 13:30:55","2026-05-18 00:00:00","2026-05-27 15:00:00","2026-09-19 19:25:00","[PREMIUM]","[PREMIUM]","[PREMIUM]","[PREMIUM]","[PREMIUM]","[PREMIUM]","[PREMIUM]",4965,"[1954364]","sports","football",,,"OPEN","e_LkPczK13W3IR2zkNNs3AMjLLUJqrpRz",false,true,true
"18251837","2026-07-12 22:37:10.736","2026-07-12 22:37:10.736",18251837,"AT&T Stadium VIP Guided Rally Day Tour","AT&T Stadium VIP Guided Rally Day Tour","stadium_tours","2026-09-19 19:30:00","2026-09-19 19:40:00",false,false,false,"normal","as_originally_scheduled",false,false,true,true,false,"[PREMIUM]","[PREMIUM]","https://seatgeek.com/at-t-stadium-vip-guided-rally-day-tour-1-tickets/stadium-tours/2026-09-19-2-30-pm/18251837","2026-05-19 13:30:55","2026-05-18 00:00:00","2026-05-27 15:00:00","2026-09-19 19:40:00","[PREMIUM]","[PREMIUM]","[PREMIUM]","[PREMIUM]","[PREMIUM]","[PREMIUM]","[PREMIUM]",4965,"[1954364]","sports","football",,,"OPEN","e_d9ATbMNxQVCRzzVLMt8p9wr5izJ5pzQ",false,true,true
"18251838","2026-07-12 22:37:10.736","2026-07-12 22:37:10.736",18251838,"AT&T Stadium VIP Guided Rally Day Tour","AT&T Stadium VIP Guided Rally Day Tour","stadium_tours","2026-09-19 20:00:00","2026-09-19 20:10:00",false,false,false,"normal","as_originally_scheduled",false,false,true,true,false,"[PREMIUM]","[PREMIUM]","https://seatgeek.com/at-t-stadium-vip-guided-rally-day-tour-1-tickets/stadium-tours/2026-09-19-3-pm/18251838","2026-05-19 13:30:55","2026-05-18 00:00:00","2026-05-27 15:00:00","2026-09-19 20:10:00","[PREMIUM]","[PREMIUM]","[PREMIUM]","[PREMIUM]","[PREMIUM]","[PREMIUM]","[PREMIUM]",4965,"[1954364]","sports","football",,,"OPEN","e_xGWcZ4JYm6t3BRYv8hBBly61HL9lvEe",false,true,true
"18251839","2026-07-12 22:37:10.736","2026-07-12 22:37:10.736",18251839,"AT&T Stadium VIP Guided Rally Day Tour","AT&T Stadium VIP Guided Rally Day Tour","stadium_tours","2026-09-19 20:15:00","2026-09-19 20:25:00",false,false,false,"normal","as_originally_scheduled",false,false,true,true,false,"[PREMIUM]","[PREMIUM]","https://seatgeek.com/at-t-stadium-vip-guided-rally-day-tour-1-tickets/stadium-tours/2026-09-19-3-15-pm/18251839","2026-05-19 13:30:55","2026-05-18 00:00:00","2026-05-27 15:00:00","2026-09-19 20:25:00","[PREMIUM]","[PREMIUM]","[PREMIUM]","[PREMIUM]","[PREMIUM]","[PREMIUM]","[PREMIUM]",4965,"[1954364]","sports","football",,,"OPEN","e_Ymltbx2Rk6Hwm0PMXulY5ebVcJ4rVQ2",false,true,true
"18251840","2026-07-12 22:37:10.736","2026-07-12 22:37:10.736",18251840,"AT&T Stadium VIP Guided Rally Day Tour","AT&T Stadium VIP Guided Rally Day Tour","stadium_tours","2026-09-19 20:30:00","2026-09-19 20:40:00",false,false,false,"normal","as_originally_scheduled",false,false,true,true,false,"[PREMIUM]","[PREMIUM]","https://seatgeek.com/at-t-stadium-vip-guided-rally-day-tour-1-tickets/stadium-tours/2026-09-19-3-30-pm/18251840","2026-05-19 13:30:55","2026-05-18 00:00:00","2026-05-27 15:00:00","2026-09-19 20:40:00","[PREMIUM]","[PREMIUM]","[PREMIUM]","[PREMIUM]","[PREMIUM]","[PREMIUM]","[PREMIUM]",4965,"[1954364]","sports","football",,,"OPEN","e_62EIkNmP9kHy3qw14i5MdrebHkWQNLw",false,true,true
"18251841","2026-07-12 22:37:10.736","2026-07-12 22:37:10.736",18251841,"AT&T Stadium VIP Guided Rally Day Tour","AT&T Stadium VIP Guided Rally Day Tour","stadium_tours","2026-09-19 20:45:00","2026-09-19 20:55:00",false,false,false,"normal","as_originally_scheduled",false,false,true,true,false,"[PREMIUM]","[PREMIUM]","https://seatgeek.com/at-t-stadium-vip-guided-rally-day-tour-1-tickets/stadium-tours/2026-09-19-3-45-pm/18251841","2026-05-19 13:30:55","2026-05-18 00:00:00","2026-05-27 15:00:00","2026-09-19 20:55:00","[PREMIUM]","[PREMIUM]","[PREMIUM]","[PREMIUM]","[PREMIUM]","[PREMIUM]","[PREMIUM]",4965,"[1954364]","sports","football",,,"OPEN","e_XLPhBGvgv2SAYgDjksyG5YWLcJ5zyvA",false,true,true
"18251956","2026-07-12 22:37:10.736","2026-07-12 22:37:10.736",18251956,"AT&T Stadium VIP Guided Rally Day Tour","AT&T Stadium VIP Guided Rally Day Tour","stadium_tours","2026-09-19 21:00:00","2026-09-19 21:10:00",false,false,false,"normal","as_originally_scheduled",false,false,true,true,false,"[PREMIUM]","[PREMIUM]","https://seatgeek.com/at-t-stadium-vip-guided-rally-day-tour-1-tickets/stadium-tours/2026-09-19-4-pm/18251956","2026-05-19 13:30:22","2026-05-18 00:00:00","2026-05-27 15:00:00","2026-09-19 21:10:00","[PREMIUM]","[PREMIUM]","[PREMIUM]","[PREMIUM]","[PREMIUM]","[PREMIUM]","[PREMIUM]",4965,"[1954364]","sports","football",,,"OPEN","e_8ezuDdLYGKhP5D3pBsP5r29Duppgxv",false,true,true
"18251957","2026-07-12 22:37:10.736","2026-07-12 22:37:10.736",18251957,"AT&T Stadium VIP Guided Rally Day Tour","AT&T Stadium VIP Guided Rally Day Tour","stadium_tours","2026-09-19 21:15:00","2026-09-19 21:25:00",false,false,false,"normal","as_originally_scheduled",false,false,true,true,false,"[PREMIUM]","[PREMIUM]","https://seatgeek.com/at-t-stadium-vip-guided-rally-day-tour-1-tickets/stadium-tours/2026-09-19-4-15-pm/18251957","2026-05-19 13:30:23","2026-05-18 00:00:00","2026-05-27 15:00:00","2026-09-19 21:25:00","[PREMIUM]","[PREMIUM]","[PREMIUM]","[PREMIUM]","[PREMIUM]","[PREMIUM]","[PREMIUM]",4965,"[1954364]","sports","football",,,"OPEN","e_DvkURDvVYVUJn66RYIbJ12WYUq50NqV",false,true,true
"18251958","2026-07-12 22:37:10.736","2026-07-12 22:37:10.736",18251958,"AT&T Stadium VIP Guided Rally Day Tour","AT&T Stadium VIP Guided Rally Day Tour","stadium_tours","2026-09-19 21:30:00","2026-09-19 21:40:00",false,false,false,"normal","as_originally_scheduled",false,false,true,true,false,"[PREMIUM]","[PREMIUM]","https://seatgeek.com/at-t-stadium-vip-guided-rally-day-tour-1-tickets/stadium-tours/2026-09-19-4-30-pm/18251958","2026-05-19 13:30:22","2026-05-18 00:00:00","2026-05-27 15:00:00","2026-09-19 21:40:00","[PREMIUM]","[PREMIUM]","[PREMIUM]","[PREMIUM]","[PREMIUM]","[PREMIUM]","[PREMIUM]",4965,"[1954364]","sports","football",,,"OPEN","e_2d4Iz4mNGwImdE9VZSYZVjyBU59EDG3",false,true,true
"18252060","2026-07-12 22:37:10.736","2026-07-12 22:37:10.736",18252060,"AT&T Stadium VIP Guided Rally Day Tour","AT&T Stadium VIP Guided Rally Day Tour","stadium_tours","2026-09-19 19:45:00","2026-09-19 19:55:00",false,false,false,"normal","as_originally_scheduled",false,false,true,true,false,"[PREMIUM]","[PREMIUM]","https://seatgeek.com/at-t-stadium-vip-guided-rally-day-tour-1-tickets/stadium-tours/2026-09-19-2-45-pm/18252060","2026-05-19 13:30:20","2026-05-18 00:00:00","2026-05-27 15:00:00","2026-09-19 19:55:00","[PREMIUM]","[PREMIUM]","[PREMIUM]","[PREMIUM]","[PREMIUM]","[PREMIUM]","[PREMIUM]",4965,"[1954364]","sports","football",,,"OPEN","e_DvkUYkxvGWUgKe8LKse6jYYVI1LAnp",false,true,true
"18329202","2026-07-12 22:35:53.322","2026-07-12 22:35:53.322",18329202,"AT&T Stadium VIP Guided Tour","AT&T Stadium VIP Guided Tour","stadium_tours","2026-07-22 17:00:00","2026-07-22 17:15:00",false,false,false,"normal","as_originally_scheduled",false,false,true,true,true,"[PREMIUM]","[PREMIUM]","https://seatgeek.com/at-t-stadium-vip-guided-tour-tickets/stadium-tours/2026-07-22-12-pm/18329202","2026-06-24 15:47:29","2026-06-24 00:00:00","2026-06-24 15:00:00","2026-07-22 17:15:00","[PREMIUM]","[PREMIUM]","[PREMIUM]","[PREMIUM]","[PREMIUM]","[PREMIUM]","[PREMIUM]",4965,"[807539]","sports","football",,,"OPEN","e_lyzcbn3gEjtmEmMdjH5DN6zxT0pXV1w",true,false,false
"18329201","2026-07-12 22:35:53.322","2026-07-12 22:35:53.322",18329201,"AT&T Stadium VIP Guided Tour","AT&T Stadium VIP Guided Tour","stadium_tours","2026-07-22 15:00:00","2026-07-22 15:15:00",false,false,false,"normal","as_originally_scheduled",false,false,true,true,true,"[PREMIUM]","[PREMIUM]","https://seatgeek.com/at-t-stadium-vip-guided-tour-tickets/stadium-tours/2026-07-22-10-am/18329201","2026-06-24 15:47:28","2026-06-24 00:00:00","2026-06-24 15:00:00","2026-07-22 15:15:00","[PREMIUM]","[PREMIUM]","[PREMIUM]","[PREMIUM]","[PREMIUM]","[PREMIUM]","[PREMIUM]",4965,"[807539]","sports","football",,,"OPEN","e_jr5cAdJgQVTWPAKvNspNGMk9fMBqEjD",true,false,false
"18329200","2026-07-12 22:35:53.322","2026-07-12 22:35:53.322",18329200,"AT&T Stadium VIP Guided Tour","AT&T Stadium VIP Guided Tour","stadium_tours","2026-07-23 17:00:00","2026-07-23 17:15:00",false,false,false,"normal","as_originally_scheduled",false,false,true,true,true,"[PREMIUM]","[PREMIUM]","https://seatgeek.com/at-t-stadium-vip-guided-tour-tickets/stadium-tours/2026-07-23-12-pm/18329200","2026-06-24 15:47:29","2026-06-24 00:00:00","2026-06-24 15:00:00","2026-07-23 17:15:00","[PREMIUM]","[PREMIUM]","[PREMIUM]","[PREMIUM]","[PREMIUM]","[PREMIUM]","[PREMIUM]",4965,"[807539]","sports","football",,,"OPEN","e_XLPhYeNMVzHJVNKGZIA554BeC2GKdek",true,false,false
"18329203","2026-07-12 22:35:53.322","2026-07-12 22:35:53.322",18329203,"AT&T Stadium VIP Guided Tour","AT&T Stadium VIP Guided Tour","stadium_tours","2026-07-22 19:00:00","2026-07-22 19:15:00",false,false,false,"normal","as_originally_scheduled",false,false,true,true,true,"[PREMIUM]","[PREMIUM]","https://seatgeek.com/at-t-stadium-vip-guided-tour-tickets/stadium-tours/2026-07-22-2-pm/18329203","2026-06-24 15:47:29","2026-06-24 00:00:00","2026-06-24 15:00:00","2026-07-22 19:15:00","[PREMIUM]","[PREMIUM]","[PREMIUM]","[PREMIUM]","[PREMIUM]","[PREMIUM]","[PREMIUM]",4965,"[807539]","sports","football",,,"OPEN","e_ywWC523pd5ukbveKGcQylAGpFqAlzN1",true,false,false
"18329204","2026-07-12 22:35:53.322","2026-07-12 22:35:53.322",18329204,"AT&T Stadium VIP Guided Tour","AT&T Stadium VIP Guided Tour","stadium_tours","2026-07-22 21:00:00","2026-07-22 21:15:00",false,false,false,"normal","as_originally_scheduled",false,false,true,true,true,"[PREMIUM]","[PREMIUM]","https://seatgeek.com/at-t-stadium-vip-guided-tour-tickets/stadium-tours/2026-07-22-4-pm/18329204","2026-06-24 15:47:29","2026-06-24 00:00:00","2026-06-24 15:00:00","2026-07-22 21:15:00","[PREMIUM]","[PREMIUM]","[PREMIUM]","[PREMIUM]","[PREMIUM]","[PREMIUM]","[PREMIUM]",4965,"[807539]","sports","football",,,"OPEN","e_wgWSRyZmnks8y98NxfGx0wv8F2wYdXY",true,false,false
"18329205","2026-07-12 22:35:53.322","2026-07-12 22:35:53.322",18329205,"AT&T Stadium VIP Guided Tour","AT&T Stadium VIP Guided Tour","stadium_tours","2026-07-23 15:00:00","2026-07-23 15:15:00",false,false,false,"normal","as_originally_scheduled",false,false,true,true,true,"[PREMIUM]","[PREMIUM]","https://seatgeek.com/at-t-stadium-vip-guided-tour-tickets/stadium-tours/2026-07-23-10-am/18329205","2026-06-24 15:47:29","2026-06-24 00:00:00","2026-06-24 15:00:00","2026-07-23 15:15:00","[PREMIUM]","[PREMIUM]","[PREMIUM]","[PREMIUM]","[PREMIUM]","[PREMIUM]","[PREMIUM]",4965,"[807539]","sports","football",,,"OPEN","e_B0ktyxKy5qclRgWlLTXVerkJTYN12ye",true,false,false
"18329206","2026-07-12 22:35:53.322","2026-07-12 22:35:53.322",18329206,"AT&T Stadium VIP Guided Tour","AT&T Stadium VIP Guided Tour","stadium_tours","2026-07-23 19:00:00","2026-07-23 19:15:00",false,false,false,"normal","as_originally_scheduled",false,false,true,true,true,"[PREMIUM]","[PREMIUM]","https://seatgeek.com/at-t-stadium-vip-guided-tour-tickets/stadium-tours/2026-07-23-2-pm/18329206","2026-06-24 15:47:29","2026-06-24 00:00:00","2026-06-24 15:00:00","2026-07-23 19:15:00","[PREMIUM]","[PREMIUM]","[PREMIUM]","[PREMIUM]","[PREMIUM]","[PREMIUM]","[PREMIUM]",4965,"[807539]","sports","football",,,"OPEN","e_eBkU1Kp1weiMYl2DjTqPQKZEhPjQr4N",true,false,false
"18329207","2026-07-12 22:35:53.322","2026-07-12 22:35:53.322",18329207,"AT&T Stadium VIP Guided Tour","AT&T Stadium VIP Guided Tour","stadium_tours","2026-07-23 21:00:00","2026-07-23 21:15:00",false,false,false,"normal","as_originally_scheduled",false,false,true,true,true,"[PREMIUM]","[PREMIUM]","https://seatgeek.com/at-t-stadium-vip-guided-tour-tickets/stadium-tours/2026-07-23-4-pm/18329207","2026-06-24 15:47:29","2026-06-24 00:00:00","2026-06-24 15:00:00","2026-07-23 21:15:00","[PREMIUM]","[PREMIUM]","[PREMIUM]","[PREMIUM]","[PREMIUM]","[PREMIUM]","[PREMIUM]",4965,"[807539]","sports","football",,,"OPEN","e_XLPh1RVW8DHAvp3rRcGbP8qPhwb8nPD",true,false,false
"18329208","2026-07-12 22:35:53.322","2026-07-12 22:35:53.322",18329208,"AT&T Stadium VIP Guided Tour","AT&T Stadium VIP Guided Tour","stadium_tours","2026-07-24 15:00:00","2026-07-24 15:15:00",false,false,false,"normal","as_originally_scheduled",false,false,true,true,true,"[PREMIUM]","[PREMIUM]","https://seatgeek.com/at-t-stadium-vip-guided-tour-tickets/stadium-tours/2026-07-24-10-am/18329208","2026-06-24 15:47:29","2026-06-24 00:00:00","2026-06-24 15:00:00","2026-07-24 15:15:00","[PREMIUM]","[PREMIUM]","[PREMIUM]","[PREMIUM]","[PREMIUM]","[PREMIUM]","[PREMIUM]",4965,"[807539]","sports","football",,,"OPEN","e_8ezuW4VlKyuP5vjPBsAGAXEWIWyGdml",true,false,false
"18329209","2026-07-12 22:35:53.322","2026-07-12 22:35:53.322",18329209,"AT&T Stadium VIP Guided Tour","AT&T Stadium VIP Guided Tour","stadium_tours","2026-07-24 17:00:00","2026-07-24 17:15:00",false,false,false,"normal","as_originally_scheduled",false,false,true,true,true,"[PREMIUM]","[PREMIUM]","https://seatgeek.com/at-t-stadium-vip-guided-tour-tickets/stadium-tours/2026-07-24-12-pm/18329209","2026-06-24 15:47:29","2026-06-24 00:00:00","2026-06-24 15:00:00","2026-07-24 17:15:00","[PREMIUM]","[PREMIUM]","[PREMIUM]","[PREMIUM]","[PREMIUM]","[PREMIUM]","[PREMIUM]",4965,"[807539]","sports","football",,,"OPEN","e_3d4IBe3ANMSR4n6JbIGgPzpvhvQ1nAZ",true,false,false
"18329210","2026-07-12 22:35:53.322","2026-07-12 22:35:53.322",18329210,"AT&T Stadium VIP Guided Tour","AT&T Stadium VIP Guided Tour","stadium_tours","2026-07-24 19:00:00","2026-07-24 19:15:00",false,false,false,"normal","as_originally_scheduled",false,false,true,true,true,"[PREMIUM]","[PREMIUM]","https://seatgeek.com/at-t-stadium-vip-guided-tour-tickets/stadium-tours/2026-07-24-2-pm/18329210","2026-06-24 15:47:29","2026-06-24 00:00:00","2026-06-24 15:00:00","2026-07-24 19:15:00","[PREMIUM]","[PREMIUM]","[PREMIUM]","[PREMIUM]","[PREMIUM]","[PREMIUM]","[PREMIUM]",4965,"[807539]","sports","football",,,"OPEN","e_Ejnh8vqE2ntydqgj4CVzMQPlhl0JLZy",true,false,false
"18329211","2026-07-12 22:35:53.322","2026-07-12 22:35:53.322",18329211,"AT&T Stadium VIP Guided Tour","AT&T Stadium VIP Guided Tour","stadium_tours","2026-07-24 21:00:00","2026-07-24 21:15:00",false,false,false,"normal","as_originally_scheduled",false,false,true,true,true,"[PREMIUM]","[PREMIUM]","https://seatgeek.com/at-t-stadium-vip-guided-tour-tickets/stadium-tours/2026-07-24-4-pm/18329211","2026-06-24 15:47:29","2026-06-24 00:00:00","2026-06-24 15:00:00","2026-07-24 21:15:00","[PREMIUM]","[PREMIUM]","[PREMIUM]","[PREMIUM]","[PREMIUM]","[PREMIUM]","[PREMIUM]",4965,"[807539]","sports","football",,,"OPEN","e_NKPIZKKkYHmV1yZ5FyRlnbwT2KBEwk",true,false,false
"18329212","2026-07-12 22:35:53.322","2026-07-12 22:35:53.322",18329212,"AT&T Stadium VIP Guided Tour","AT&T Stadium VIP Guided Tour","stadium_tours","2026-07-25 15:00:00","2026-07-25 15:15:00",false,false,false,"normal","as_originally_scheduled",false,false,true,true,true,"[PREMIUM]","[PREMIUM]","https://seatgeek.com/at-t-stadium-vip-guided-tour-tickets/stadium-tours/2026-07-25-10-am/18329212","2026-06-24 15:47:29","2026-06-24 00:00:00","2026-06-24 15:00:00","2026-07-25 15:15:00","[PREMIUM]","[PREMIUM]","[PREMIUM]","[PREMIUM]","[PREMIUM]","[PREMIUM]","[PREMIUM]",4965,"[807539]","sports","football",,,"OPEN","e_xGWcbw90MiqPn4E8U4Wwe4nFLjwG9p",true,false,false
"18329213","2026-07-12 22:35:53.322","2026-07-12 22:35:53.322",18329213,"AT&T Stadium VIP Guided Tour","AT&T Stadium VIP Guided Tour","stadium_tours","2026-07-25 17:00:00","2026-07-25 17:15:00",false,false,false,"normal","as_originally_scheduled",false,false,true,true,true,"[PREMIUM]","[PREMIUM]","https://seatgeek.com/at-t-stadium-vip-guided-tour-tickets/stadium-tours/2026-07-25-12-pm/18329213","2026-06-24 15:47:29","2026-06-24 00:00:00","2026-06-24 15:00:00","2026-07-25 17:15:00","[PREMIUM]","[PREMIUM]","[PREMIUM]","[PREMIUM]","[PREMIUM]","[PREMIUM]","[PREMIUM]",4965,"[807539]","sports","football",,,"OPEN","e_jr5clKz8NdHWY4bBNIe54xrLI4yGXZ9",true,false,false
"18329214","2026-07-12 22:35:53.322","2026-07-12 22:35:53.322",18329214,"AT&T Stadium VIP Guided Tour","AT&T Stadium VIP Guided Tour","stadium_tours","2026-07-25 19:00:00","2026-07-25 19:15:00",false,false,false,"normal","as_originally_scheduled",false,false,true,true,true,"[PREMIUM]","[PREMIUM]","https://seatgeek.com/at-t-stadium-vip-guided-tour-tickets/stadium-tours/2026-07-25-2-pm/18329214","2026-06-24 15:47:29","2026-06-24 00:00:00","2026-06-24 15:00:00","2026-07-25 19:15:00","[PREMIUM]","[PREMIUM]","[PREMIUM]","[PREMIUM]","[PREMIUM]","[PREMIUM]","[PREMIUM]",4965,"[807539]","sports","football",,,"OPEN","e_DvkURqmWrlUJlyV2gIGWXrlpFmJxDZL",true,false,false
"18329215","2026-07-12 22:35:53.322","2026-07-12 22:35:53.322",18329215,"AT&T Stadium VIP Guided Tour","AT&T Stadium VIP Guided Tour","stadium_tours","2026-07-25 21:00:00","2026-07-25 21:15:00",false,false,false,"normal","as_originally_scheduled",false,false,true,true,true,"[PREMIUM]","[PREMIUM]","https://seatgeek.com/at-t-stadium-vip-guided-tour-tickets/stadium-tours/2026-07-25-4-pm/18329215","2026-06-24 15:47:29","2026-06-24 00:00:00","2026-06-24 15:00:00","2026-07-25 21:15:00","[PREMIUM]","[PREMIUM]","[PREMIUM]","[PREMIUM]","[PREMIUM]","[PREMIUM]","[PREMIUM]",4965,"[807539]","sports","football",,,"OPEN","e_A4Ncqx2KJZu1m3E5XIXEYQxHwx8e9m",true,false,false
"18329216","2026-07-12 22:35:53.322","2026-07-12 22:35:53.322",18329216,"AT&T Stadium VIP Guided Tour","AT&T Stadium VIP Guided Tour","stadium_tours","2026-07-26 15:00:00","2026-07-26 15:15:00",false,false,false,"normal","as_originally_scheduled",false,false,true,true,true,"[PREMIUM]","[PREMIUM]","https://seatgeek.com/at-t-stadium-vip-guided-tour-tickets/stadium-tours/2026-07-26-10-am/18329216","2026-06-24 15:47:27","2026-06-24 00:00:00","2026-06-24 15:00:00","2026-07-26 15:15:00","[PREMIUM]","[PREMIUM]","[PREMIUM]","[PREMIUM]","[PREMIUM]","[PREMIUM]","[PREMIUM]",4965,"[807539]","sports","football",,,"OPEN","e_2d4IAmz8n3smYLYLWs1ydMrRtQeWlnz",true,false,false
"18329217","2026-07-12 22:35:53.322","2026-07-12 22:35:53.322",18329217,"AT&T Stadium VIP Guided Tour","AT&T Stadium VIP Guided Tour","stadium_tours","2026-07-26 17:00:00","2026-07-26 17:15:00",false,false,false,"normal","as_originally_scheduled",false,false,true,true,true,"[PREMIUM]","[PREMIUM]","https://seatgeek.com/at-t-stadium-vip-guided-tour-tickets/stadium-tours/2026-07-26-12-pm/18329217","2026-06-24 15:47:27","2026-06-24 00:00:00","2026-06-24 15:00:00","2026-07-26 17:15:00","[PREMIUM]","[PREMIUM]","[PREMIUM]","[PREMIUM]","[PREMIUM]","[PREMIUM]","[PREMIUM]",4965,"[807539]","sports","football",,,"OPEN","e_LkPcjYdMnlI3Nz93jSg8y836FbAqYKX",true,false,false
"18329218","2026-07-12 22:35:53.322","2026-07-12 22:35:53.322",18329218,"AT&T Stadium VIP Guided Tour","AT&T Stadium VIP Guided Tour","stadium_tours","2026-07-26 19:00:00","2026-07-26 19:15:00",false,false,false,"normal","as_originally_scheduled",false,false,true,true,true,"[PREMIUM]","[PREMIUM]","https://seatgeek.com/at-t-stadium-vip-guided-tour-tickets/stadium-tours/2026-07-26-2-pm/18329218","2026-06-24 15:47:27","2026-06-24 00:00:00","2026-06-24 15:00:00","2026-07-26 19:15:00","[PREMIUM]","[PREMIUM]","[PREMIUM]","[PREMIUM]","[PREMIUM]","[PREMIUM]","[PREMIUM]",4965,"[807539]","sports","football",,,"OPEN","e_rYeSYzjRWgt4ZQlpjsr3EZnqunX3YWv",true,false,false
"18329219","2026-07-12 22:35:53.322","2026-07-12 22:35:53.322",18329219,"AT&T Stadium VIP Guided Tour","AT&T Stadium VIP Guided Tour","stadium_tours","2026-07-26 21:00:00","2026-07-26 21:15:00",false,false,false,"normal","as_originally_scheduled",false,false,true,true,true,"[PREMIUM]","[PREMIUM]","https://seatgeek.com/at-t-stadium-vip-guided-tour-tickets/stadium-tours/2026-07-26-4-pm/18329219","2026-06-24 15:47:27","2026-06-24 00:00:00","2026-06-24 15:00:00","2026-07-26 21:15:00","[PREMIUM]","[PREMIUM]","[PREMIUM]","[PREMIUM]","[PREMIUM]","[PREMIUM]","[PREMIUM]",4965,"[807539]","sports","football",,,"OPEN","e_wgWSym1Kr1fQ6NmY9SYzD0m2tPgVnz9",true,false,false
